"","AGE","edu","dpt","Gender","Ydata1","Ydata2","Ydata3","Ydata4","Ydata5","Ydata6","Ydata7","Ydata8","Ydata9","Ydata10","Ydata11","Ydata12","Ydata13","Ydata14","Ydata15","Ydata16","Ydata17","Ydata18","Ydata19","Ydata20","Ydata21","Ydata22","Ydata23","Ydata24","Ydata25","Ydata26","Ydata27","Ydata28","Ydata29","Ydata30","Ydata31","Ydata32","Ydata33","Ydata34","Ydata35","Ydata36","Ydata37","Ydata38","Ydata39","Ydata40","Ydata41","Ydata42","Ydata43","Ydata44","Ydata45","Ydata46","Ydata47","Ydata48","Ydata49","Ydata50","Ydata51","Ydata52","Ydata53","Ydata54","Ydata55","Ydata56","Ydata57","Ydata58","Ydata59","Ydata60","Ydata61","Ydata62","Ydata63","Ydata64","Ydata65","Ydata66","Ydata67"
"id","AGE","edu","dpt","Gender","2015014495","2016010317","2016011222","2016013000","2016014336","2016014344","2016014361","2016014370","2016014382","2016014397","2016014407","2016014409","2016014411","2016014412","2016014439","2016014440","2016014442","2016014472","2016014484","2016014488","2016014490","2016014495","2016014497","2016014516","2016014519","2016014541","2016014547","2015010836","2015014506","2016010729","2016011199","2016011334","2016014323","2016014325","2016014333","2016014355","2016014378","2016014380","2016014381","2016014390","2016014396","2016014399","2016014400","2016014402","2016014423","2016014430","2016014431","2016014493","2016014501","2016014502","2016014517","2016014518","2016014525","2016014530","2016014532","2016014545","2016014556","2016000001","2016000002","2016000003","2016000004","2016000005","2016000006","2016000007","2016000008","2016000009","2016000010"
"name","AGE","edu","dpt","Gender","¡ı¡’","Õı—©√˜","∫´À´»","»Œ≥©","ª∆“’Êº","∏ﬂ‘Û¥®","»Œ∑…∏Î","∂≈—Ù","π˘±ÚË°","‘≠Â˚ƒ»","¥ﬁ≈Ù¿ı","¥ﬁ¥ª∫∆","¡Œ“„","’‘∑·‘∞","Œ‚∑…∑´","”⁄≥øÍÿ","π˘Œı¡Ÿ","¡ıπ⁄”Ó","ÃÔÕ¡È","¿ÓŸª","≤‹÷ Õø","Õı∂´±±","÷‹Ã⁄∑…","’‘—©»Ô","“¶‚˘ÕÆ","≥Ã‚˘∑´","¡ı–¿»ª","≤‹·ø","“◊÷“≤©","≈£Ïœ±Û","Õı—≈¿Ú","¡∫À≥«ø","’≈»ÿ","¿Ó—≈È™","Ã’Ÿ•","ø‹—”∑º","¿Ó¡¡","⁄€À≥","’≈”¬≥¨","ÕÚÌµ","ÃÔˆ©","Œ∫¥∫¿÷","¿Óﬁ»–ƒ","π˘Â´Œƒ","–§Œ≠","∑∂Ω≠”Í","≤ÒÁ˜","¡ı‘Ûª™","¡÷‰¯«‡","ª™ÃÏ≥ø","—¶≤©Á¸","π∂”Íù˜","”⁄∫∆","…Í∞ÿ»™","¿Ó¡ı—Û","¡ı—Â¡Ê","Ω™‘∆…≠","—ß…˙1","—ß…˙2","—ß…˙3","—ß…˙4","—ß…˙5","—ß…˙6","—ß…˙7","—ß…˙8","—ß…˙9","—ß…˙10"
"class","AGE","edu","dpt","Gender","±£œ’1601","±£œ’1601","±£œ’1601","±£œ’1601","±£œ’1601","±£œ’1601","±£œ’1601","±£œ’1601","±£œ’1601","±£œ’1601","±£œ’1601","±£œ’1601","±£œ’1601","±£œ’1601","±£œ’1601","±£œ’1601","±£œ’1601","±£œ’1601","±£œ’1601","±£œ’1601","±£œ’1601","±£œ’1601","±£œ’1601","±£œ’1601","±£œ’1601","±£œ’1601","±£œ’1601","±£œ’1602","±£œ’1602","±£œ’1602","±£œ’1602","±£œ’1602","±£œ’1602","±£œ’1602","±£œ’1602","±£œ’1602","±£œ’1602","±£œ’1602","±£œ’1602","±£œ’1602","±£œ’1602","±£œ’1602","±£œ’1602","±£œ’1602","±£œ’1602","±£œ’1602","±£œ’1602","±£œ’1602","±£œ’1602","±£œ’1602","±£œ’1602","±£œ’1602","±£œ’1602","±£œ’1602","±£œ’1602","±£œ’1602","±£œ’1602","÷ÿ–ﬁ∏˙∞‡","÷ÿ–ﬁ∏˙∞‡","÷ÿ–ﬁ∏˙∞‡","÷ÿ–ﬁ∏˙∞‡","÷ÿ–ﬁ∏˙∞‡","÷ÿ–ﬁ∏˙∞‡","÷ÿ–ﬁ∏˙∞‡","÷ÿ–ﬁ∏˙∞‡","÷ÿ–ﬁ∏˙∞‡","÷ÿ–ﬁ∏˙∞‡"
"n1","26","primary","permanent","female","25.44","25.77","27.56","26.07","26.13","27.72","26.46","24.73","25.31","25.55","27.22","26.36","26.40","26.11","25.44","27.79","26.50","24.03","26.70","25.53","24.93","25.78","24.97","25.27","25.37","24.31","26.84","26.15","24.86","27.25","26.43","25.70","26.90","26.88","26.82","26.69","26.55","25.94","25.69","25.62","25.31","25.79","24.73","28.17","27.21","24.88","25.60","25.53","26.78","25.92","26.25","25.97","25.96","27.37","25.77","27.52","24.45","26.58","26.12","26.22","26.38","25.50","25.67","24.98","24.93","26.30","26.45"
"n2","42","primary","permanent","female","42.05","42.92","44.05","41.51","39.69","43.01","41.29","41.31","43.03","41.72","40.78","42.18","41.86","42.01","42.39","41.63","42.64","41.78","42.33","43.10","42.44","41.67","43.15","42.99","42.55","42.24","41.37","43.36","41.40","44.19","43.53","41.76","40.97","41.29","42.26","41.75","41.65","41.05","41.95","41.22","40.33","41.62","42.92","41.42","42.61","40.38","41.94","42.52","42.30","42.11","41.36","41.15","40.98","42.12","41.05","41.51","41.74","43.84","41.35","42.24","42.08","41.04","41.93","43.44","42.45","42.04","41.58"
"n3","33","primary","permanent","female","30.95","34.13","31.54","33.74","34.91","31.56","33.70","32.74","31.43","31.49","31.40","32.47","31.54","33.69","35.10","31.71","33.79","33.77","33.33","31.99","32.88","32.72","33.56","32.63","33.98","32.63","34.05","31.95","31.74","36.24","32.58","33.30","33.64","32.52","33.52","33.37","32.78","33.07","32.97","35.13","32.26","31.90","33.04","33.31","33.44","32.54","31.94","34.26","32.65","32.13","32.76","32.80","34.11","33.08","33.75","32.50","33.21","32.68","33.09","32.10","31.69","35.00","33.60","31.75","32.39","31.81","35.20"
"n4","33","primary","permanent","female","34.31","32.73","33.54","32.59","32.52","32.21","32.41","34.65","32.95","33.12","33.24","34.23","32.48","32.01","34.68","32.56","32.28","31.76","31.72","32.43","33.62","34.11","33.71","32.64","33.06","32.30","32.28","33.88","31.98","34.96","32.91","33.21","32.26","32.43","31.68","32.82","33.42","33.32","32.22","32.21","32.50","34.50","31.86","32.82","34.90","32.90","31.64","32.34","33.49","32.62","32.44","32.66","33.09","34.60","32.91","34.08","33.63","32.89","31.47","32.48","32.51","33.05","34.30","35.29","34.55","32.87","31.24"
"n5","30","primary","permanent","female","29.61","30.09","30.85","30.96","30.68","28.60","30.85","29.55","30.17","30.07","30.43","30.02","28.33","30.74","30.39","29.73","30.12","30.13","30.22","31.64","29.78","30.17","31.17","31.05","31.15","29.42","32.00","30.07","31.87","28.65","30.02","31.25","29.28","29.25","29.06","28.95","29.56","30.33","27.99","30.21","31.24","32.04","31.30","30.76","28.27","29.40","29.65","30.70","29.89","28.74","31.68","30.91","30.24","31.22","28.66","30.66","29.48","30.68","29.94","30.63","31.34","30.01","31.02","28.81","29.28","31.52","30.38"
"n6","35","secondary","permanent","female","32.95","33.64","34.80","35.87","34.90","35.62","35.96","36.67","35.06","34.95","33.25","35.10","34.43","34.03","34.82","36.01","33.01","34.57","35.12","34.11","35.33","35.41","34.97","32.53","37.57","34.79","35.65","35.27","36.02","35.82","34.79","35.38","34.05","35.86","34.54","37.42","33.35","34.54","35.83","35.51","34.41","34.00","35.14","34.99","33.21","35.03","35.19","35.17","33.94","35.48","36.38","35.46","33.86","34.56","35.35","34.35","32.84","35.88","34.17","34.43","36.50","34.23","35.85","33.74","34.65","34.93","33.83"
"n7","40","secondary","permanent","female","39.37","39.97","40.67","38.35","39.65","40.76","39.46","40.23","40.49","40.27","40.65","39.88","39.59","37.36","39.91","40.43","40.54","39.44","41.78","40.29","40.13","41.27","39.28","39.55","42.40","40.01","41.63","38.56","39.81","40.38","40.30","38.99","40.02","38.92","40.71","41.08","37.78","41.24","38.76","40.45","40.66","39.80","39.35","40.17","40.44","40.88","37.95","38.36","41.43","41.05","40.44","40.72","40.92","37.34","41.11","39.52","40.23","39.70","40.87","39.65","40.52","39.61","38.91","41.21","40.74","41.72","40.07"
"n8","50","secondary","permanent","female","51.13","51.98","49.72","48.68","49.76","49.79","50.15","51.71","49.67","50.37","49.77","50.02","50.31","51.33","50.12","50.71","50.78","50.91","49.43","51.63","49.62","49.89","51.40","51.29","48.91","49.13","48.64","50.18","50.16","50.36","50.55","49.40","49.01","51.03","50.75","48.49","49.90","49.10","47.93","50.15","49.92","49.90","50.22","50.88","50.21","49.38","49.27","49.87","50.31","48.96","49.82","50.97","49.89","49.30","49.72","51.11","50.55","51.24","50.14","50.41","49.44","50.61","49.49","48.58","50.13","51.95","50.80"
"n9","42","secondary","permanent","female","43.17","42.36","41.39","41.80","41.73","41.53","42.70","40.80","42.87","42.86","40.80","42.64","44.43","41.44","42.84","41.22","43.11","42.25","43.65","40.54","41.95","41.47","41.80","41.37","41.17","42.58","40.91","43.48","40.81","42.10","42.53","42.59","41.70","42.08","42.96","40.54","41.22","42.32","41.56","43.37","42.67","42.07","40.49","42.03","41.68","41.90","40.82","42.50","40.96","41.77","42.38","41.22","42.58","40.68","39.19","42.46","42.84","41.71","42.50","40.84","41.87","40.06","43.18","43.86","43.07","41.97","41.97"
"n10","30","secondary","permanent","female","28.48","30.79","29.79","29.34","28.59","29.70","29.15","29.60","28.78","31.69","29.98","31.07","27.40","29.55","29.32","28.78","31.55","28.58","30.32","30.85","30.18","29.12","30.94","30.17","28.94","28.61","32.09","29.32","28.14","30.53","30.31","28.65","28.06","29.88","31.14","30.64","29.51","29.17","30.27","30.16","30.63","29.60","30.90","29.17","29.67","30.74","30.99","28.06","30.11","30.61","28.55","30.48","29.17","31.02","30.54","30.77","30.12","30.86","31.38","31.97","29.97","27.75","30.03","30.21","29.84","30.57","31.01"
"n11","45","secondary","permanent","female","44.48","44.71","45.40","44.45","45.09","43.04","43.88","43.67","44.15","44.31","45.38","45.98","44.27","44.00","43.96","44.59","44.76","45.48","44.68","42.92","44.91","46.19","46.19","44.21","43.45","47.46","44.84","44.90","45.42","43.39","44.27","43.46","44.31","45.12","43.64","45.59","45.29","44.10","45.23","45.75","46.06","44.79","44.91","44.91","46.44","46.13","45.83","44.71","45.37","45.40","43.96","43.27","45.64","43.47","45.00","45.25","45.56","45.19","44.27","45.99","46.74","45.88","43.06","46.40","44.94","45.52","45.62"
"n12","48","higher","permanent","female","47.90","47.92","49.02","48.71","48.99","50.38","48.66","48.21","45.79","50.69","47.52","50.37","48.37","49.54","47.89","48.51","48.21","47.81","47.88","49.01","47.80","45.96","47.80","48.54","48.62","48.62","46.31","48.37","48.97","49.28","47.78","47.68","49.49","46.33","47.56","48.46","46.38","48.28","49.88","48.00","47.72","48.47","47.72","48.81","48.90","48.00","46.82","46.68","47.41","48.80","46.04","46.11","47.35","48.39","47.09","48.89","48.33","47.83","48.82","48.39","47.55","48.23","48.65","48.36","47.34","48.86","49.15"
"n13","35","higher","permanent","female","35.28","35.14","34.92","37.16","35.28","34.84","32.49","33.43","34.92","35.21","35.28","35.82","34.81","36.21","34.08","33.79","33.77","35.74","34.92","35.79","34.73","34.41","34.63","33.15","33.83","33.56","36.05","34.40","35.79","36.52","34.81","35.28","33.25","34.18","35.06","35.30","34.24","37.68","34.54","35.06","35.65","34.97","34.36","36.05","36.62","34.97","35.56","34.90","36.02","33.84","37.32","34.40","33.54","34.65","35.15","36.62","35.91","35.14","33.61","34.13","34.84","37.55","33.14","36.13","34.47","36.67","33.86"
"n14","38","illiteracy","permanent","female","38.14","36.90","38.90","39.48","39.95","38.80","39.84","39.25","37.87","38.48","37.03","37.81","39.22","38.54","38.46","36.96","37.40","37.24","38.40","37.01","38.56","36.88","39.83","38.46","37.30","38.24","37.65","38.37","38.24","36.99","37.21","38.30","39.64","39.08","37.38","38.83","37.95","38.30","38.26","40.58","36.81","38.10","36.22","38.59","39.10","39.45","36.07","38.41","39.59","37.59","37.79","37.96","38.37","38.67","39.32","37.90","38.20","40.49","38.43","38.19","36.66","38.00","37.78","37.99","37.42","37.31","37.28"
"n15","46","illiteracy","permanent","female","45.79","47.37","47.05","45.64","44.31","45.16","45.54","46.10","45.34","48.01","45.73","44.79","45.86","44.99","46.16","46.23","46.36","44.38","46.22","46.31","44.58","46.96","46.78","48.30","46.16","46.05","46.10","46.07","44.15","44.33","45.92","45.42","46.05","43.89","44.50","44.90","46.99","44.90","45.20","46.08","45.68","46.15","48.31","44.88","45.69","45.48","47.51","45.23","45.92","46.79","44.94","47.66","46.68","44.93","46.45","45.79","46.31","45.91","47.07","44.65","45.48","45.75","45.00","44.96","45.98","45.87","43.45"
"n16","57","illiteracy","permanent","female","58.04","57.25","59.42","57.69","56.55","59.80","59.83","55.78","57.47","56.79","57.19","57.23","55.74","57.29","58.75","56.84","56.84","58.40","57.90","55.35","57.23","58.65","58.42","57.42","57.72","55.80","57.30","56.05","56.54","57.94","55.86","57.27","57.43","57.05","58.82","55.98","57.61","56.91","56.74","57.46","55.98","55.69","56.51","58.75","57.06","57.33","56.81","57.47","56.05","58.16","57.58","56.19","57.05","57.72","57.56","58.48","56.39","58.12","58.04","56.84","56.02","55.91","57.46","56.93","58.78","57.54","56.63"
"n17","44","illiteracy","permanent","female","42.97","43.42","44.34","43.55","44.51","43.67","43.89","43.27","45.91","44.33","44.23","42.31","44.66","42.98","43.11","44.92","43.55","42.25","45.77","41.62","44.57","45.02","43.37","44.44","44.44","45.04","44.48","43.76","44.92","44.80","43.06","42.60","44.16","43.73","43.01","44.08","42.68","44.16","43.38","44.96","46.42","43.08","45.06","44.83","43.93","43.55","45.58","41.99","43.36","42.56","45.40","43.81","43.48","47.18","43.95","43.56","44.30","42.43","44.49","43.90","44.47","43.02","42.98","43.31","43.23","45.30","45.58"
"n18","30","illiteracy","permanent","female","29.84","29.64","29.67","30.07","30.10","30.29","29.25","29.15","31.20","29.45","30.30","29.94","29.04","30.59","30.17","31.40","30.12","29.67","30.28","28.81","29.16","30.51","29.67","29.93","29.88","29.35","27.98","30.35","30.76","28.71","31.48","30.39","31.34","29.04","30.17","29.90","30.77","29.42","29.99","28.22","29.22","30.13","29.29","29.96","29.53","30.61","31.17","29.18","29.69","31.44","27.80","29.68","32.06","32.19","30.16","29.14","30.17","29.35","31.45","29.19","30.37","30.62","29.24","30.85","29.25","30.63","31.10"
"n19","62","illiteracy","permanent","female","61.01","63.11","61.51","62.29","62.20","61.57","62.27","60.77","61.86","62.83","59.83","60.51","60.84","60.41","62.42","61.01","59.84","61.36","61.61","62.86","60.90","63.16","62.40","62.36","61.15","63.95","61.84","60.18","61.80","60.07","61.69","61.58","62.68","63.01","61.27","62.81","63.42","61.22","61.35","62.65","62.18","62.55","63.40","62.39","63.05","62.62","62.43","62.39","63.29","61.00","60.89","62.59","61.88","62.07","62.74","62.75","61.74","61.69","62.07","63.06","62.43","63.43","61.99","63.13","62.88","62.61","62.41"
"n20","56","illiteracy","permanent","female","55.72","55.89","56.23","56.05","56.94","55.89","55.93","55.52","55.86","55.93","53.69","54.64","55.93","55.73","54.80","54.01","55.65","56.65","57.77","55.96","57.49","56.08","56.12","56.32","55.13","55.95","56.91","55.25","55.68","54.85","56.35","56.42","56.65","54.78","56.11","55.06","56.00","57.34","55.50","56.72","55.25","55.52","56.44","55.32","54.30","57.27","56.36","55.42","54.01","57.90","59.39","56.21","56.85","57.22","55.30","55.65","54.27","55.26","56.62","55.71","55.79","55.89","54.14","56.84","54.56","55.79","55.56"
"n21","19","illiteracy","permanent","female","18.78","20.46","18.42","18.22","17.48","18.19","17.83","19.41","18.14","19.30","18.85","17.57","18.21","19.89","19.90","21.01","19.00","17.50","18.23","19.41","20.90","19.11","20.14","19.77","17.83","18.83","20.31","19.88","19.46","19.48","18.51","17.68","20.30","17.58","18.06","19.63","17.74","18.45","17.82","19.62","19.45","19.42","19.44","19.56","19.64","17.03","18.85","19.11","19.72","17.81","18.50","17.93","20.06","20.28","19.79","17.78","19.45","20.15","19.17","18.43","17.91","18.33","19.71","18.57","19.23","20.29","19.58"
"n22","26","illiteracy","permanent","female","27.36","24.30","25.72","26.07","26.58","24.83","26.81","26.31","26.26","26.51","25.88","26.93","26.65","25.85","27.04","26.29","26.67","25.41","27.58","26.00","26.85","25.90","25.72","26.78","24.42","26.48","26.39","23.30","26.37","23.83","26.66","25.55","25.31","25.99","27.37","25.36","26.56","26.34","24.82","24.26","24.01","26.55","25.97","27.85","26.57","26.85","27.33","25.50","26.51","26.87","27.37","26.76","26.42","25.13","26.73","26.50","26.63","26.42","25.80","25.92","26.69","26.17","25.17","25.71","24.68","25.03","25.86"
"n23","57","illiteracy","permanent","female","55.20","55.31","58.10","56.42","55.15","56.89","58.32","57.66","57.44","58.18","56.23","57.73","56.41","57.00","59.21","57.97","57.77","55.89","56.21","59.28","55.91","57.21","57.89","58.02","58.09","56.84","56.18","56.69","56.10","57.63","58.12","59.13","57.37","56.13","58.02","57.90","56.76","55.44","57.76","58.13","56.70","57.54","56.72","57.68","56.88","56.66","57.11","56.72","56.41","56.68","56.99","57.21","58.53","55.64","56.80","57.63","58.76","57.43","56.99","56.69","57.41","57.99","56.82","57.16","57.22","57.73","58.11"
"n24","55","illiteracy","permanent","female","55.28","54.92","56.39","55.16","56.58","54.94","55.61","53.45","54.89","54.98","54.24","53.96","55.95","55.91","53.70","55.42","53.89","53.95","55.53","54.31","55.99","55.04","55.54","54.48","53.85","55.91","55.24","54.76","55.07","56.33","54.30","54.25","54.38","53.42","55.82","55.19","55.21","54.96","54.49","54.18","55.85","53.57","55.44","54.21","55.28","54.26","54.48","56.77","55.67","52.86","55.13","54.55","53.86","55.21","55.13","54.67","56.97","52.75","55.84","54.71","55.66","54.55","54.41","53.29","54.79","57.48","55.99"
"n25","15","illiteracy","permanent","female","16.68","15.91","16.14","15.90","15.48","14.42","14.47","13.40","14.99","15.90","16.03","15.10","14.45","18.29","15.74","16.42","14.66","14.96","15.45","16.68","14.69","15.85","12.91","14.49","13.71","16.11","14.84","14.61","16.37","16.12","14.10","15.43","13.77","14.52","16.62","16.45","16.11","14.43","13.12","13.82","15.95","14.71","12.84","14.82","16.41","15.64","14.18","13.45","14.17","15.03","15.89","13.06","16.02","15.01","15.57","13.35","14.33","14.55","16.04","16.03","15.44","16.60","14.48","16.01","14.96","14.33","15.92"
"n26","14","illiteracy","permanent","female","15.38","14.88","13.49","13.53","15.38","14.35","14.83","13.66","15.26","13.19","14.63","13.18","11.54","12.66","14.14","14.88","12.25","12.75","15.76","13.57","14.51","13.47","13.70","14.09","14.01","13.81","13.53","10.95","15.87","15.79","12.90","13.83","15.38","15.00","15.28","12.93","16.58","12.87","14.75","14.14","13.60","13.62","13.01","15.62","14.09","14.26","14.21","13.62","12.87","14.25","11.91","12.58","12.92","12.92","14.11","15.60","12.48","14.43","14.90","13.01","13.95","14.82","13.74","13.78","14.31","13.94","13.44"
"n27","25","illiteracy","permanent","female","24.86","26.88","25.87","24.09","23.76","24.64","26.33","25.29","24.30","25.88","24.87","23.88","25.46","26.52","25.43","25.19","24.34","25.57","23.93","23.35","24.96","24.97","27.37","23.78","25.17","25.81","26.05","24.99","24.26","24.93","26.94","25.48","22.96","26.42","25.54","24.97","24.98","24.85","25.26","24.50","25.28","24.07","25.20","26.11","25.51","26.03","23.91","25.05","25.62","23.93","26.57","23.97","25.16","25.15","25.12","24.79","25.45","23.97","23.71","24.35","24.94","26.26","26.59","25.32","25.38","24.76","25.05"
"n28","28","illiteracy","permanent","female","26.60","28.29","27.46","28.33","27.65","27.34","27.78","27.63","29.09","28.21","28.43","26.76","29.50","28.16","27.14","28.31","28.87","26.62","29.69","27.84","29.12","28.07","27.67","26.17","26.90","27.96","28.83","26.12","29.38","29.40","26.86","28.47","26.97","27.87","28.93","28.87","27.15","27.61","27.02","28.34","26.44","25.37","29.47","30.27","27.54","28.76","27.99","29.47","28.55","28.20","26.20","29.08","27.65","26.60","27.80","27.87","29.06","26.83","27.44","29.49","29.36","29.16","29.66","28.20","27.42","28.56","29.06"
"n29","24","illiteracy","permanent","female","26.41","22.04","24.27","24.65","23.95","22.44","24.74","23.22","24.51","24.91","25.28","22.44","25.08","23.24","22.71","25.31","25.15","23.76","24.76","23.14","23.85","23.91","23.72","24.73","25.54","23.54","23.97","25.64","23.67","21.40","24.51","23.11","23.00","25.42","26.45","22.96","25.03","23.91","24.14","25.22","24.21","23.15","23.53","24.69","21.66","25.10","22.43","24.02","23.81","25.29","24.19","24.10","24.70","23.17","23.80","25.18","24.68","22.72","24.64","22.62","23.40","25.21","21.75","22.22","25.30","23.19","25.24"
"n30","55","illiteracy","permanent","female","54.83","55.43","55.81","54.35","54.70","54.58","57.82","55.13","55.47","54.66","54.76","56.38","54.66","55.02","55.38","54.57","56.96","53.57","57.01","54.65","56.36","53.00","55.96","55.88","53.73","54.23","55.19","56.14","54.23","54.78","56.57","53.87","55.95","55.45","53.89","54.33","55.78","55.25","56.43","54.40","53.29","56.05","54.39","55.12","56.72","54.75","56.55","53.90","55.93","55.25","54.26","53.72","55.08","55.26","55.28","55.54","54.54","54.49","55.24","54.46","56.22","55.17","54.38","53.19","54.36","57.05","54.44"
"n31","19","primary","temporary","female","18.16","19.65","19.44","19.75","18.72","20.12","17.83","18.95","18.30","19.68","19.13","20.11","21.06","19.14","18.47","18.18","18.74","18.93","20.99","17.87","17.91","18.59","19.59","19.82","18.09","19.13","18.96","20.20","20.09","18.69","19.05","19.65","17.35","18.69","19.57","18.48","18.94","18.98","18.28","18.01","18.80","18.65","19.83","20.53","18.99","19.40","18.93","19.60","19.22","19.24","20.11","18.01","20.45","19.35","19.18","18.44","18.84","19.37","16.94","18.40","19.59","18.71","18.20","18.36","19.24","17.37","19.87"
"n32","25","primary","temporary","female","22.83","24.50","24.21","23.75","23.92","25.25","24.88","24.70","22.68","23.68","24.87","24.12","24.20","26.05","25.18","23.96","24.53","24.72","24.32","24.04","24.95","25.74","25.23","24.80","25.39","25.79","24.86","25.46","23.85","24.75","24.58","25.20","25.36","24.88","24.23","24.07","25.28","26.36","24.21","24.62","25.33","24.45","25.12","24.95","24.22","25.83","25.85","26.02","26.27","24.49","24.54","25.26","25.63","24.66","24.58","24.38","26.48","22.49","24.83","25.04","23.94","25.39","23.03","25.95","23.34","22.80","24.24"
"n33","19","primary","temporary","female","19.16","18.35","18.44","19.33","17.94","18.91","19.50","20.63","19.48","20.71","19.45","19.00","16.74","17.78","18.68","19.71","18.68","19.54","17.94","18.73","19.22","18.64","19.11","18.33","19.37","18.92","18.95","17.05","18.33","17.51","17.39","18.51","18.84","19.28","20.09","19.44","20.01","18.47","18.69","20.09","19.00","17.32","18.15","20.01","18.39","19.33","19.01","18.50","18.65","19.39","19.21","20.23","18.80","18.08","19.17","19.71","21.28","18.54","18.67","19.88","20.28","18.34","19.66","18.43","18.04","19.62","19.11"
"n34","62","primary","temporary","female","62.39","61.42","63.79","62.67","61.63","62.70","60.79","61.86","63.40","61.81","62.91","61.78","59.70","61.12","62.22","63.45","61.41","62.28","61.04","60.98","61.22","63.37","62.94","62.59","63.12","61.58","62.76","62.21","60.95","61.17","62.05","62.21","61.68","61.00","59.91","62.43","61.70","62.55","60.45","60.75","61.89","60.59","60.02","62.78","62.90","60.97","61.73","60.87","62.32","61.97","61.13","61.23","60.94","62.44","62.57","62.38","61.16","60.21","62.53","61.82","61.96","63.03","61.11","63.14","61.59","61.29","61.79"
"n35","25","primary","temporary","female","25.39","24.79","24.10","24.72","22.46","24.49","25.46","24.83","25.69","25.49","25.65","25.66","23.26","25.00","26.63","24.52","25.45","25.14","25.56","24.73","24.35","25.07","25.21","24.81","25.03","25.41","24.22","26.14","27.20","26.48","24.55","23.18","25.05","25.88","25.78","23.77","23.89","25.13","25.63","25.87","25.82","24.03","23.69","22.99","25.50","25.83","25.34","23.94","26.57","24.63","26.78","25.55","26.19","25.33","24.94","23.99","24.44","24.95","25.28","24.97","24.82","25.18","24.48","24.46","23.54","25.85","25.05"
"n36","27","primary","temporary","female","26.92","26.26","26.75","25.91","25.95","25.08","27.98","27.13","25.88","28.16","27.62","27.74","26.77","26.58","26.90","27.40","27.80","28.59","26.49","25.98","27.10","30.02","26.57","28.15","26.76","26.52","26.29","26.79","28.64","27.30","27.49","27.84","29.07","27.78","25.57","25.97","25.41","24.15","28.29","26.51","27.39","28.18","26.49","26.87","27.35","27.23","26.23","27.73","27.55","26.71","25.78","27.63","28.43","28.38","27.87","26.52","26.47","26.41","26.59","27.71","27.26","25.14","25.14","26.98","27.15","24.69","26.18"
"n37","22","primary","temporary","female","22.03","23.46","19.99","20.74","20.92","22.18","22.33","21.68","20.39","21.37","21.44","21.80","23.62","21.32","22.08","21.29","20.76","22.64","20.95","24.74","22.09","22.06","21.93","23.84","22.66","21.75","20.83","20.96","21.22","23.21","21.81","21.24","22.79","23.35","21.31","21.56","22.35","22.00","22.41","23.71","21.94","21.72","22.49","21.95","22.63","21.78","22.44","20.44","22.01","21.48","20.81","21.59","22.37","22.09","22.69","22.94","22.83","21.68","20.67","21.72","23.17","21.88","20.36","22.49","22.28","21.60","22.17"
"n38","25","primary","temporary","female","26.37","26.30","24.54","25.01","23.55","24.27","27.01","26.50","24.77","24.31","23.63","27.13","25.11","24.41","26.08","23.90","25.73","26.44","24.79","26.45","25.64","24.32","25.57","24.30","24.47","25.77","24.52","24.98","26.02","23.79","26.60","27.04","25.61","25.42","24.50","25.49","24.50","25.29","24.31","25.79","25.69","26.24","26.98","24.35","25.97","23.57","24.54","25.95","24.26","25.35","24.10","24.63","24.96","24.39","23.05","25.24","25.47","25.14","24.51","25.90","26.08","22.63","26.12","23.22","24.66","23.89","24.37"
"n39","35","primary","temporary","female","36.32","35.53","35.49","32.92","35.20","35.63","35.86","34.03","35.94","33.60","36.74","34.20","35.77","35.32","33.94","36.14","35.03","35.82","35.22","35.87","35.02","36.12","34.65","35.53","35.38","35.84","34.38","35.18","34.42","35.91","34.36","36.73","35.79","34.99","36.21","34.92","35.56","35.53","35.42","34.40","33.75","33.32","34.54","35.68","34.76","33.80","37.16","35.70","36.95","36.21","34.39","34.59","33.56","35.74","36.62","34.08","33.80","35.88","33.48","36.92","35.57","33.29","35.35","35.11","32.53","34.96","34.41"
"n40","28","primary","temporary","female","27.11","28.24","28.85","29.73","25.37","28.74","27.05","29.16","28.35","29.44","26.52","28.49","28.30","29.05","27.77","29.14","27.56","27.57","28.03","26.93","27.54","29.11","29.65","29.11","27.58","28.32","28.10","26.74","28.26","27.18","26.94","28.73","27.29","27.86","27.03","28.06","28.49","28.50","26.92","29.26","29.49","28.37","28.16","28.08","28.26","28.38","28.14","28.65","27.66","29.13","27.96","26.24","27.90","28.45","29.23","28.06","26.06","28.00","26.80","27.02","26.97","27.20","29.14","27.17","27.56","28.18","28.89"
"n41","27","secondary","temporary","female","26.33","26.17","26.48","25.83","27.92","24.82","26.47","25.56","25.04","27.03","28.54","28.63","26.44","26.30","26.46","27.71","24.44","27.25","26.59","26.26","24.99","26.79","25.35","26.98","26.11","27.05","27.46","26.50","25.98","26.39","26.33","25.51","26.22","26.81","26.78","27.33","28.29","27.33","28.48","26.35","28.35","27.59","25.81","27.40","25.76","27.95","26.46","26.76","26.32","26.15","28.70","27.99","27.68","27.07","27.74","27.66","28.60","27.85","26.79","26.79","26.53","26.64","26.76","28.22","24.67","26.30","26.87"
"n42","22","secondary","temporary","female","20.72","23.62","21.77","20.88","21.11","22.87","23.87","21.88","22.11","21.05","23.32","22.72","19.67","21.35","21.77","20.89","21.73","20.87","22.36","22.34","22.81","22.42","23.59","21.61","19.85","22.03","22.65","21.60","23.40","23.09","22.54","22.07","21.45","21.82","22.47","22.97","21.70","21.27","24.48","22.52","21.10","22.93","22.06","22.83","22.05","21.94","22.09","22.41","21.39","21.34","21.82","22.17","21.68","22.32","20.90","20.57","23.89","22.40","21.60","21.72","22.79","21.79","22.19","21.74","21.50","22.60","22.14"
"n43","26","secondary","temporary","female","27.30","24.87","25.86","25.79","24.93","27.00","25.89","24.61","25.41","24.89","27.04","28.54","25.33","25.91","26.28","28.71","23.67","25.49","24.80","25.77","25.72","25.27","27.83","26.26","28.39","26.82","24.73","25.25","26.27","25.42","26.35","26.73","26.42","25.87","25.36","24.71","26.34","26.92","25.92","26.75","28.23","27.93","25.51","26.55","25.30","26.69","25.94","26.28","25.14","27.21","25.92","25.55","25.92","26.08","27.64","24.89","28.46","25.23","26.17","23.94","25.35","26.73","26.51","26.41","25.53","24.16","24.93"
"n44","30","secondary","temporary","female","29.77","30.62","30.84","29.70","29.85","29.84","30.06","31.54","29.27","29.80","30.08","28.66","29.08","30.20","30.43","31.14","29.53","31.45","29.14","28.40","28.05","31.10","30.30","29.87","29.71","31.59","31.20","29.00","28.61","31.09","30.56","29.49","30.40","27.98","29.33","30.44","29.93","28.72","31.02","31.16","29.06","29.81","30.73","30.86","29.47","29.12","30.35","28.08","29.05","30.77","28.30","28.80","29.76","29.70","28.25","30.51","28.98","29.84","29.80","30.70","29.93","29.87","31.65","30.37","30.62","30.47","30.57"
"n45","25","secondary","temporary","female","26.34","24.94","25.24","26.97","24.47","26.29","24.39","26.71","24.33","24.19","26.04","25.96","25.55","25.27","25.24","27.05","23.57","24.01","23.72","25.96","24.75","24.87","26.78","24.42","27.02","23.59","26.32","25.32","24.61","24.83","26.34","26.70","23.32","28.42","27.58","24.47","24.94","24.34","24.91","25.74","25.10","25.19","26.48","22.80","24.51","25.14","24.22","26.06","24.55","24.57","26.19","25.83","24.85","24.67","23.55","24.30","27.60","24.96","25.91","24.82","25.61","24.95","26.36","24.50","23.29","25.90","24.76"
"n46","18","secondary","temporary","female","19.46","18.12","19.45","18.35","17.65","18.73","17.54","19.68","18.15","15.97","17.53","16.37","15.82","18.06","18.65","17.24","16.67","17.40","16.45","18.70","18.57","16.40","17.38","19.05","17.83","18.01","18.42","18.63","19.21","18.77","16.62","17.64","18.30","17.89","15.82","17.24","19.01","18.16","16.53","18.22","17.84","18.67","20.11","16.48","17.49","17.86","15.86","17.97","17.41","20.24","15.08","19.49","19.01","18.74","18.15","17.29","19.11","17.11","18.69","18.40","19.08","17.40","17.42","18.30","18.31","19.37","18.49"
"n47","25","secondary","temporary","female","25.14","25.84","24.46","26.09","23.98","25.34","23.29","25.25","23.43","24.77","23.24","24.36","24.22","25.55","24.42","24.23","26.22","26.67","26.09","23.51","26.28","23.77","24.93","25.73","24.79","24.85","25.13","25.43","25.41","23.27","24.82","25.29","25.59","24.68","24.30","23.63","24.27","24.88","24.36","25.59","25.37","23.39","25.32","25.54","24.74","24.97","24.57","24.71","23.99","25.43","23.78","24.41","24.09","24.13","24.63","24.51","24.30","24.75","23.42","25.11","25.63","23.72","23.59","27.23","25.24","25.05","24.80"
"n48","16","secondary","temporary","female","16.49","16.04","15.45","15.57","15.66","15.68","15.25","17.07","16.09","15.23","16.59","16.35","15.86","16.40","15.09","15.80","15.00","14.82","15.67","16.17","15.09","15.82","14.17","15.55","17.17","14.85","14.81","15.78","16.53","17.24","18.65","16.80","16.67","18.03","15.70","15.79","16.25","14.58","14.16","17.81","15.43","15.54","15.01","16.14","16.59","15.77","16.01","16.95","15.99","15.44","15.94","15.16","16.10","15.10","17.39","13.51","16.40","15.51","17.99","15.77","16.48","16.39","16.25","16.52","18.00","16.93","16.20"
"n49","27","secondary","temporary","female","28.79","27.58","27.65","28.25","27.16","27.73","26.73","27.12","27.04","26.36","29.03","26.44","26.64","28.32","26.98","28.17","26.39","26.99","26.75","26.03","26.70","26.34","27.86","26.71","26.92","26.17","27.22","25.39","24.05","28.88","27.76","27.63","24.76","27.68","27.52","26.92","27.83","28.12","26.88","28.95","27.99","28.22","26.68","26.87","26.08","27.41","27.26","27.09","26.32","26.77","28.99","26.07","26.59","25.60","25.76","26.71","26.61","26.38","26.23","26.80","28.13","26.64","25.72","25.93","25.00","25.29","26.25"
"n50","47","higher","temporary","female","46.02","45.85","48.99","48.75","49.56","47.78","46.84","45.96","45.90","46.50","48.28","47.67","47.89","46.81","45.45","47.33","46.79","46.70","49.18","47.87","46.77","45.10","46.71","47.99","47.37","47.27","48.05","46.83","46.65","46.75","47.73","46.73","47.76","45.77","45.73","47.13","47.76","46.59","46.42","44.16","47.37","46.10","47.40","48.43","46.50","47.70","46.85","47.37","45.84","47.42","48.30","48.80","45.81","47.53","46.49","47.52","46.82","46.75","47.68","47.75","47.28","47.46","47.38","47.28","47.09","47.92","47.71"
"n51","57","illiteracy","temporary","female","57.79","58.11","57.55","56.85","55.91","56.51","56.13","56.70","56.47","56.80","55.98","56.38","57.36","57.21","56.60","58.01","55.36","57.48","58.57","56.59","57.39","56.44","56.98","57.82","56.09","56.45","57.53","57.42","57.81","58.25","57.77","55.92","57.15","56.60","56.99","57.92","57.28","57.16","56.88","57.40","55.82","56.58","58.62","57.62","56.04","55.77","56.04","57.58","57.43","56.43","56.63","57.98","56.69","56.94","57.35","56.82","56.26","56.59","55.92","57.47","58.33","57.24","57.81","56.35","56.86","56.86","55.57"
"n52","38","illiteracy","temporary","female","38.09","38.48","38.68","39.32","36.53","38.62","38.72","37.79","38.60","36.59","38.21","34.87","38.31","39.60","39.54","35.34","38.54","37.65","37.97","35.78","38.39","37.47","38.37","37.81","36.97","38.33","38.60","38.05","38.57","37.54","39.28","37.64","37.42","39.04","39.11","38.68","38.22","39.59","36.99","39.14","39.71","38.05","38.59","38.61","39.19","37.14","38.90","36.29","40.08","37.43","37.68","38.26","36.75","37.74","38.06","37.66","40.03","36.21","37.89","39.18","37.16","37.86","39.94","36.13","37.20","36.80","38.63"
"n53","18","illiteracy","temporary","female","17.13","18.47","17.35","17.85","18.86","18.14","16.06","17.46","18.71","19.86","16.89","17.77","17.92","17.27","16.62","19.84","19.48","16.59","16.12","17.72","18.43","17.87","19.13","17.75","16.83","19.52","17.77","17.72","17.74","18.06","15.68","18.68","18.72","18.63","17.59","18.10","16.57","18.36","17.18","19.32","17.07","15.94","18.17","16.37","17.07","18.80","19.87","17.74","18.97","16.62","19.73","17.99","17.22","18.40","17.19","18.05","18.10","19.17","17.43","17.62","18.12","18.90","19.90","19.58","18.96","16.10","18.95"
"n54","12","illiteracy","temporary","female","12.75","11.30","11.44","10.63","11.99","12.09","10.25","10.42","12.17","10.97","11.70","13.01","11.57","12.13","12.62","10.88","13.24","12.92","13.27","11.57","10.54","12.51","12.62","14.54","13.72","11.54","10.99","12.62","13.99","10.82","11.22","13.75","13.84","12.19","10.38","11.46","13.17","14.15","11.98","11.37","12.31","12.14","11.09","12.59","13.39","12.01","12.63","12.25","12.46","11.79","13.20","12.23","11.50","12.63","12.96","11.93"," 9.32","13.64","11.25","11.65","13.62","10.10","10.89","11.25","10.69","13.10","13.26"
"n55","55","illiteracy","temporary","female","55.50","54.56","54.58","54.43","54.48","55.48","55.91","54.54","55.32","52.61","55.08","54.12","56.10","56.19","52.80","55.92","54.43","54.84","55.90","55.69","54.18","55.32","54.53","56.25","53.43","55.82","56.39","52.39","55.65","54.64","55.11","54.73","55.69","55.93","55.59","54.89","54.58","54.86","54.77","55.21","54.18","55.58","54.00","53.52","55.26","55.42","56.03","55.73","55.22","55.69","54.02","53.86","53.78","55.04","55.66","55.91","56.48","55.33","54.87","54.34","55.25","54.94","54.67","54.32","53.99","54.02","56.47"
"n56","18","illiteracy","temporary","female","18.25","17.57","16.42","18.19","17.50","17.91","17.79","18.78","17.93","17.82","20.37","19.09","18.13","17.27","19.18","17.07","17.95","18.85","17.59","17.63","18.44","18.14","17.75","17.79","18.25","18.47","19.29","17.58","19.32","16.53","17.35","16.65","18.31","18.42","16.63","18.05","17.09","18.49","16.45","18.86","17.96","16.96","17.92","17.73","17.64","16.50","17.41","17.83","16.52","18.30","19.37","18.78","17.20","17.34","17.53","18.61","17.96","17.05","16.49","18.56","16.96","18.50","18.07","18.72","19.09","16.58","19.02"
"n57","32","illiteracy","temporary","female","32.69","31.69","31.98","32.49","32.66","30.29","33.46","30.59","29.92","32.95","30.49","31.78","30.65","30.21","31.56","32.65","32.32","31.36","31.98","31.90","31.98","31.55","32.36","30.92","32.38","31.66","31.66","32.71","31.57","31.01","30.80","32.67","29.67","31.58","32.18","30.63","32.01","32.67","30.18","31.11","33.76","31.35","31.03","31.14","31.57","32.19","31.30","32.20","32.70","32.34","32.75","31.20","31.88","32.66","32.05","32.21","32.05","32.18","31.98","30.90","32.17","31.54","33.44","31.47","32.15","30.03","31.34"
"n58","41","illiteracy","temporary","female","40.17","42.23","40.85","41.14","41.30","40.47","41.30","42.51","41.62","41.71","40.17","41.18","41.29","40.34","41.12","42.97","40.03","41.55","39.93","41.35","39.96","41.59","39.73","41.02","42.34","40.78","40.89","42.40","43.04","43.48","40.61","39.94","41.65","41.44","42.29","41.15","41.16","42.51","41.16","41.68","41.48","40.96","40.47","40.66","39.05","42.28","39.40","40.41","40.63","42.21","41.06","41.94","40.71","42.67","41.49","41.55","41.88","39.52","40.99","41.21","40.23","41.01","40.28","41.22","39.22","41.28","40.36"
"n59","48","illiteracy","temporary","female","48.94","46.03","48.04","47.78","48.94","46.42","47.45","48.71","48.61","48.36","48.29","46.33","48.85","48.22","46.19","47.83","48.95","48.70","47.37","48.91","47.60","48.38","48.93","48.39","47.35","48.82","49.48","47.07","47.82","49.00","47.15","46.28","47.51","49.07","46.64","47.75","48.96","48.05","48.57","49.62","48.90","48.59","48.49","46.84","48.84","48.54","48.40","48.06","46.73","48.15","49.25","47.39","46.20","49.84","47.44","49.14","48.62","49.66","47.96","47.70","49.73","50.16","48.32","48.17","48.74","47.33","48.50"
"n60","45","illiteracy","temporary","female","44.01","44.70","45.79","44.24","45.85","45.50","46.43","47.17","44.42","45.39","46.56","45.20","44.35","44.00","46.40","47.60","43.95","45.11","43.43","45.07","44.69","44.99","47.89","43.60","45.43","46.83","44.39","44.18","45.05","46.30","44.66","43.97","45.07","42.98","43.52","46.09","45.46","42.83","45.62","42.70","44.55","45.30","43.57","46.27","46.21","44.33","46.12","45.20","45.65","45.67","43.72","42.97","47.21","45.23","45.38","43.81","46.13","46.84","46.53","42.98","43.96","45.10","45.70","44.46","44.14","45.23","44.06"
"n61","40","illiteracy","temporary","female","42.04","38.17","40.51","38.00","39.51","41.48","41.12","38.60","38.52","40.06","39.05","40.41","39.02","38.39","39.57","38.78","41.09","39.67","39.96","41.38","41.86","39.95","40.33","41.31","39.83","38.96","40.99","38.48","39.75","39.60","39.48","37.25","39.41","41.27","39.53","39.38","39.33","39.13","40.15","40.59","41.45","38.43","40.40","39.85","40.29","38.97","40.05","38.85","40.66","39.05","40.06","37.87","40.33","41.11","40.77","41.05","38.64","39.83","39.93","40.72","39.83","39.80","41.68","41.09","38.24","39.62","39.01"
"n62","22","illiteracy","temporary","female","24.97","21.51","23.15","22.10","22.11","22.50","21.86","22.83","22.56","20.31","21.44","21.48","21.49","23.07","23.49","21.08","22.54","20.83","21.44","22.30","21.81","21.32","20.74","21.69","22.05","22.56","21.12","22.59","20.84","21.45","22.45","21.31","21.22","21.95","22.04","22.93","21.77","20.30","21.34","21.37","21.07","22.32","24.50","22.79","21.85","22.50","23.44","21.69","22.66","22.56","21.88","22.06","22.65","21.97","21.66","21.41","22.29","21.94","21.63","22.18","21.23","21.20","23.37","21.12","22.32","21.03","21.77"
"n63","20","illiteracy","temporary","female","20.39","18.99","20.60","20.22","19.68","20.25","20.08","19.16","18.60","20.11","19.00","19.96","18.35","19.07","20.27","21.05","20.17","19.01","19.58","21.09","20.52","20.79","21.00","20.38","21.11","19.03","20.30","19.66","20.20","21.33","20.50","19.37","19.65","19.05","19.91","19.50","20.79","19.51","20.71","20.72","19.56","21.43","20.03","19.35","20.07","19.01","20.65","19.10","21.29","17.93","18.89","19.66","19.30","21.35","19.94","20.35","20.71","20.15","20.96","20.44","20.70","18.51","18.87","17.77","19.75","21.43","19.02"
"n64","40","illiteracy","temporary","female","40.32","40.44","40.24","39.72","39.38","39.36","40.02","41.30","39.21","39.88","40.10","40.79","39.77","40.64","38.50","40.72","40.10","38.90","37.67","39.63","40.67","40.32","39.64","40.05","40.16","39.25","40.05","40.11","39.28","40.20","40.31","40.53","40.71","40.41","40.30","39.90","40.45","38.73","40.65","39.47","42.34","39.40","37.11","41.37","39.40","40.59","40.23","41.10","39.10","38.81","41.06","39.04","38.47","40.78","39.93","42.28","40.34","39.65","39.37","41.68","38.79","40.62","40.56","39.43","41.54","39.25","39.98"
"n65","30","illiteracy","temporary","female","30.39","32.32","30.62","31.73","29.27","28.25","30.89","28.37","28.66","30.61","29.94","30.85","31.43","30.91","30.38","30.55","30.14","31.71","30.05","30.81","29.06","30.04","28.00","30.14","28.51","29.87","29.76","30.97","29.36","29.34","28.03","30.62","31.09","29.77","31.48","29.59","29.00","30.23","30.69","28.51","28.36","30.05","30.48","27.66","28.29","30.31","30.89","29.62","31.20","29.39","29.83","31.35","29.92","30.03","29.10","30.07","29.36","28.20","29.03","29.76","30.16","31.07","30.04","29.87","31.11","32.42","29.91"
"n66","26","illiteracy","temporary","female","27.18","26.49","25.92","24.08","25.03","25.44","24.89","24.84","25.59","26.95","25.08","26.12","25.80","26.79","26.04","25.83","25.42","26.89","27.14","26.02","29.27","26.00","28.92","25.87","24.43","24.58","25.13","27.48","27.70","26.40","26.31","25.46","25.32","25.28","25.13","25.46","25.38","26.53","26.77","27.60","23.55","26.50","25.68","25.73","24.36","25.97","25.22","26.36","24.89","29.45","25.22","25.72","24.77","25.67","28.13","25.61","26.61","25.06","27.54","26.47","25.28","26.23","25.61","26.51","25.19","26.46","27.58"
"n67","22","illiteracy","temporary","female","23.26","22.30","22.33","22.42","22.90","22.39","22.61","22.64","22.23","22.72","22.06","23.01","21.57","22.19","22.03","20.93","23.20","20.84","23.31","20.93","21.02","22.86","21.92","20.15","23.50","19.51","21.31","20.48","21.43","22.09","21.67","21.42","21.84","22.27","21.14","19.93","21.07","20.10","22.64","23.87","20.85","21.11","21.12","22.79","22.03","22.49","22.77","22.25","22.45","20.84","21.94","21.38","20.70","20.83","22.94","20.70","21.60","22.98","22.33","22.65","22.33","21.85","19.80","21.39","20.62","21.62","24.05"
"n68","21","illiteracy","temporary","female","21.14","20.28","21.89","21.49","20.92","20.77","20.85","20.93","21.62","21.13","20.37","21.83","20.30","22.31","20.02","21.75","22.26","22.22","20.89","21.69","18.86","21.44","20.89","21.60","21.11","22.29","20.83","21.73","20.89","21.66","19.77","21.61","20.61","21.39","20.12","21.54","23.99","22.54","21.98","20.38","21.32","20.84","19.01","20.76","20.68","20.91","20.47","21.65","22.92","22.16","21.66","21.06","21.08","22.16","22.28","20.41","21.95","19.82","19.81","22.60","21.04","21.03","21.98","20.80","20.15","21.14","19.29"
"n69","19","illiteracy","temporary","female","18.53","18.84","17.56","19.18","18.27","20.11","18.72","17.91","19.24","18.95","19.04","19.22","18.61","18.67","19.65","20.63","17.07","18.86","19.98","17.82","20.17","18.62","19.71","20.47","19.90","20.21","16.79","17.73","19.58","18.09","18.45","20.38","19.12","19.05","18.75","17.40","17.12","18.78","19.35","17.68","17.19","20.28","19.51","19.48","19.92","19.55","17.94","20.25","17.72","18.52","19.33","19.28","19.59","19.88","18.19","17.71","17.83","19.57","18.54","19.41","20.18","18.33","19.92","18.36","19.62","19.03","18.15"
"n70","35","illiteracy","temporary","female","35.95","35.72","34.13","35.04","37.52","34.25","34.83","36.40","33.89","37.38","34.33","34.48","34.96","36.07","38.24","35.48","35.62","33.63","35.14","32.64","34.74","36.46","34.80","34.94","35.04","34.88","35.10","33.49","34.52","34.66","35.57","35.21","34.24","35.85","36.23","33.72","35.18","34.25","34.39","35.42","35.84","35.38","34.47","36.13","36.03","34.01","35.31","33.84","36.47","35.27","36.07","35.39","34.89","35.75","33.90","33.57","34.37","35.26","34.59","34.53","35.92","34.50","35.97","34.23","34.74","34.17","34.57"
"n71","30","illiteracy","temporary","female","28.84","30.45","31.18","30.28","31.71","28.36","29.25","30.52","30.63","30.33","31.75","31.68","28.54","29.58","28.57","28.97","30.25","30.35","29.22","30.30","29.27","30.25","30.11","29.72","29.04","29.53","30.49","29.51","29.67","28.93","29.57","29.98","29.27","29.62","28.90","30.75","32.21","29.57","30.47","31.58","29.62","29.61","30.65","29.05","29.83","29.45","29.03","30.42","29.86","32.17","27.16","30.65","29.18","29.71","28.91","30.58","31.36","30.49","29.09","31.61","29.84","30.18","29.95","29.78","30.08","28.97","31.15"
"n72","30","illiteracy","temporary","female","30.65","30.08","30.95","28.78","31.09","30.21","30.50","29.54","29.22","29.45","31.04","31.09","31.55","29.94","29.24","31.47","28.45","29.84","30.60","28.84","28.44","30.49","31.62","29.29","29.31","29.06","31.48","29.29","29.16","29.20","29.41","29.40","30.61","30.30","30.47","29.37","30.72","26.96","31.13","30.20","29.59","30.48","28.78","29.37","30.11","28.44","29.96","29.96","29.72","28.71","31.17","28.51","28.52","29.42","31.55","30.11","30.26","29.78","30.27","30.63","30.71","31.37","29.22","29.84","30.41","30.83","29.67"
"n73","36","illiteracy","temporary","female","36.65","35.45","35.66","37.01","34.12","36.22","36.93","35.66","36.62","35.29","36.17","36.01","35.97","34.72","35.84","35.19","35.64","37.02","35.43","35.97","36.10","35.81","36.81","35.96","36.15","35.11","35.62","35.35","36.47","37.15","35.54","33.78","35.15","35.07","37.18","36.14","37.56","36.40","34.45","36.49","35.25","36.00","35.90","35.86","35.67","37.92","37.51","35.11","36.20","37.15","37.10","35.10","37.41","35.30","36.13","36.17","34.08","35.87","33.90","34.03","36.32","36.34","36.97","36.38","35.33","35.20","36.80"
"n74","55","illiteracy","temporary","female","56.45","55.80","55.22","54.93","56.63","52.51","55.99","54.83","53.87","55.84","54.02","55.34","55.19","55.14","53.15","55.16","54.51","54.30","53.82","53.86","54.15","56.25","55.70","55.27","56.72","56.61","55.90","53.82","56.43","54.80","54.76","55.24","55.06","54.51","55.68","54.52","54.44","54.75","54.24","55.15","54.90","54.70","55.46","53.18","55.25","55.90","55.88","57.23","54.36","54.02","55.33","53.31","56.21","53.95","55.44","54.66","52.62","55.26","53.90","55.92","52.55","54.87","53.95","56.13","54.27","55.94","54.53"
"n75","21","illiteracy","temporary","female","21.13","22.46","20.32","22.82","21.99","22.28","18.75","20.83","19.53","21.76","22.22","20.38","20.49","19.38","21.79","22.46","19.30","19.19","22.14","22.35","21.37","21.24","20.38","21.34","20.55","23.04","20.55","17.86","21.50","19.74","21.82","19.45","20.74","21.39","20.80","19.05","19.57","20.15","22.62","20.87","22.28","21.18","20.51","22.13","19.85","22.48","21.92","21.34","21.57","21.20","20.55","20.66","20.40","22.24","21.60","20.89","19.86","21.32","19.99","20.15","23.04","19.60","20.12","20.42","20.40","19.87","20.81"
"n76","20","illiteracy","temporary","female","18.96","21.34","20.12","20.86","18.59","19.99","20.55","20.10","20.02","18.97","19.37","19.60","19.20","20.76","21.76","21.32","20.42","19.88","20.58","19.21","20.26","20.17","17.65","21.90","18.67","17.37","20.00","20.11","19.99","20.14","18.82","20.59","21.38","19.16","20.31","19.73","19.94","20.98","20.28","21.93","19.67","21.48","19.54","19.77","19.67","20.29","20.47","20.15","20.60","19.22","19.76","20.65","21.04","20.34","20.71","20.84","20.61","19.78","19.84","20.62","19.54","19.87","19.91","18.41","20.33","20.57","19.94"
"n77","60","illiteracy","temporary","female","61.79","59.82","60.58","60.53","60.78","60.42","59.81","60.56","60.25","60.24","60.72","60.77","59.99","59.61","61.33","60.05","59.62","59.05","60.27","60.39","58.86","58.65","60.18","59.18","61.35","58.89","58.45","59.93","60.47","60.16","59.88","60.38","59.23","60.23","59.17","59.20","60.11","60.41","59.13","58.45","58.97","58.00","60.13","60.58","61.80","59.11","59.53","59.89","60.24","59.20","60.93","59.62","60.99","58.37","59.84","60.35","59.51","59.52","59.36","60.10","61.26","58.98","59.90","59.52","61.41","61.93","60.50"
"n78","23","illiteracy","temporary","female","23.07","24.37","22.54","22.94","24.05","23.11","22.52","23.18","22.55","24.87","22.62","23.94","23.00","24.33","23.93","22.35","23.28","22.85","23.50","22.95","23.47","22.88","23.96","23.31","21.68","22.98","22.66","24.12","21.85","20.96","23.47","23.94","23.45","24.35","23.90","22.07","23.93","22.41","24.11","23.99","22.95","24.07","22.73","24.01","20.69","21.95","23.15","22.49","20.33","22.16","24.61","21.79","23.17","22.51","23.02","22.82","22.86","22.88","20.82","23.00","23.13","23.41","24.37","23.04","23.27","21.57","23.10"
"n79","46","illiteracy","temporary","female","44.44","48.00","45.64","46.35","46.44","44.69","46.47","44.93","46.46","45.38","45.32","46.41","46.37","45.75","45.26","46.19","45.95","46.96","45.37","45.88","48.27","44.72","46.32","46.41","45.55","45.29","44.54","44.58","45.74","47.25","46.05","47.55","45.40","46.58","46.12","46.36","46.21","46.78","45.99","46.97","46.49","45.99","45.89","44.72","45.35","45.74","46.94","46.79","45.19","45.52","47.74","44.59","46.18","46.28","45.50","44.63","45.61","48.69","45.89","45.78","46.18","44.83","46.75","46.72","45.65","46.06","45.49"
"n80","23","illiteracy","temporary","female","23.69","21.34","22.78","23.62","24.69","22.09","21.88","22.89","22.94","23.76","22.89","22.43","24.89","22.67","23.88","23.74","22.56","24.66","21.84","22.06","24.17","21.44","23.64","23.20","23.74","23.78","22.33","22.32","23.81","23.89","21.89","21.77","21.93","22.99","22.98","25.33","23.54","22.85","22.47","22.46","22.38","21.91","23.17","19.81","21.83","23.99","23.15","23.55","22.41","24.41","22.70","23.59","23.01","23.48","22.56","24.24","22.48","25.86","22.84","23.13","22.38","23.73","23.19","23.64","23.71","22.23","23.83"
"n81","33","illiteracy","temporary","female","31.81","33.15","33.91","31.41","32.56","32.60","30.94","32.80","34.41","31.59","31.90","32.61","32.94","33.10","33.19","32.72","35.36","32.55","31.66","31.44","32.80","32.46","34.05","32.81","33.08","31.38","32.76","32.73","31.60","32.09","32.13","33.83","33.56","33.69","34.41","32.68","34.18","32.73","34.16","31.75","32.40","33.91","34.66","32.96","32.67","33.63","32.88","33.01","33.25","34.09","31.93","32.56","33.60","30.86","34.30","32.35","31.96","33.17","35.23","32.33","31.51","32.87","34.17","32.72","33.60","34.16","31.29"
"n82","26","illiteracy","temporary","female","26.60","25.48","25.94","28.25","26.25","26.81","25.01","26.43","25.88","25.77","26.56","24.50","27.39","28.28","25.56","26.52","28.05","25.12","26.05","28.31","25.07","26.96","26.47","25.64","26.36","25.67","26.76","25.49","24.24","26.81","27.13","26.11","25.17","25.52","24.68","24.61","27.13","23.94","26.56","25.62","24.67","25.77","25.81","27.20","28.40","27.82","27.63","27.62","26.93","25.55","26.17","24.47","25.22","25.13","24.91","27.41","26.50","26.26","25.99","26.99","26.88","25.10","24.00","24.82","25.51","26.00","27.50"
"n83","14","illiteracy","temporary","female","14.63","14.69","14.81","13.87","12.93","13.10","12.64","12.71","12.48","14.86","12.79","14.62","16.35","13.80","13.82","14.84","13.99","13.24","12.58","14.09","13.57","14.39","14.28","15.30","14.60","15.14","14.07","14.82","13.75","13.85","14.07","12.89","12.79","13.71","12.60","14.10","14.80","13.12","14.05","12.46","14.93","13.64","15.53","14.04","15.86","14.33","13.81","15.01","14.53","13.44","14.70","14.63","14.37","13.64","13.95","14.88","15.12","14.30","13.19","14.75","14.15","15.14","12.40","13.26","14.53","12.65","16.75"
"n84","12","illiteracy","temporary","female","11.15","12.45","10.27","14.21","12.73","11.49","12.26","11.29","10.28","10.91","11.09","13.14","12.47","11.63","11.74","13.07","11.00","12.60","11.07","12.72","13.26","11.56","12.46"," 9.79","12.32","12.31","12.43","13.22","11.05","13.40","11.04","10.37","14.21","12.82","12.76","12.63","11.79","13.01","13.44","10.44","10.86","11.28","12.53"," 9.66","11.84","10.55","11.65","10.39","13.17","11.72","11.81","13.49","11.14","10.45","11.38","11.35","12.35","11.68","10.59","11.82","12.60","10.66","13.00","12.71","13.50","11.67","12.42"
"n85","38","illiteracy","temporary","female","37.13","37.74","36.95","39.08","36.55","38.61","37.32","36.95","39.46","38.11","38.33","38.19","38.65","39.47","38.06","39.22","35.65","38.63","38.42","38.18","38.13","37.54","37.38","39.10","37.81","39.18","37.61","36.99","39.45","37.90","39.22","36.77","38.36","37.68","39.95","39.31","38.56","37.49","38.98","38.72","36.55","39.19","38.86","37.81","40.31","38.95","37.49","38.93","38.41","37.83","34.74","37.57","38.02","38.72","38.35","38.23","39.51","37.95","36.94","37.50","37.82","37.43","36.14","38.60","38.79","37.26","38.44"
"n86","17","illiteracy","temporary","female","16.68","16.70","17.60","17.42","16.42","16.27","17.54","16.00","16.30","18.38","17.16","16.56","15.82","17.72","16.45","17.10","18.19","16.78","18.03","15.85","15.24","17.33","18.19","16.47","16.74","17.93","16.55","15.88","16.17","16.83","15.45","17.81","17.57","17.84","18.55","17.99","18.45","16.65","18.16","15.65","17.61","18.66","19.06","17.29","17.76","15.92","15.47","16.99","17.29","16.87","16.20","15.78","17.94","18.01","16.84","18.68","17.02","17.98","16.33","17.61","17.66","17.29","18.09","16.87","14.99","16.66","17.76"
"n87","34","illiteracy","temporary","female","32.13","32.28","34.02","34.12","35.22","33.94","34.51","34.27","34.74","34.92","32.67","33.32","34.92","31.83","31.43","34.14","34.03","33.65","34.85","35.19","34.99","33.82","33.97","34.30","31.87","33.00","34.80","34.25","32.70","35.29","34.49","33.40","34.01","34.07","33.70","33.82","33.85","34.66","35.00","34.55","35.75","34.62","34.32","34.84","33.86","34.73","36.01","33.79","35.03","34.02","33.25","35.13","34.46","33.68","35.76","32.14","33.94","33.79","33.87","34.12","35.86","31.92","35.04","33.24","34.94","33.55","34.86"
"n88","18","illiteracy","temporary","female","17.78","17.39","16.77","17.00","17.64","17.96","18.51","17.92","19.23","16.76","18.55","18.92","18.51","17.87","17.49","16.59","16.46","18.70","17.68","16.49","18.52","18.79","15.85","19.84","19.24","16.73","17.20","18.21","18.36","16.81","17.36","21.08","18.94","19.39","17.21","17.69","16.65","18.36","17.95","20.31","17.68","18.01","17.06","18.23","17.22","16.96","17.90","17.10","17.14","18.51","19.09","18.87","17.99","18.09","17.24","18.30","19.00","17.03","19.00","17.35","18.43","16.61","18.17","19.31","17.92","16.42","19.63"
"n89","19","illiteracy","temporary","female","18.18","18.02","18.38","18.00","19.20","19.33","18.64","19.82","19.45","17.72","19.66","17.70","18.92","18.73","18.20","20.13","19.03","19.52","18.95","18.12","19.58","18.20","19.85","21.42","19.34","19.67","19.44","20.25","17.75","18.04","19.07","18.94","17.85","17.25","18.53","20.65","21.24","19.84","17.38","19.75","18.46","19.13","19.68","20.66","19.13","18.30","19.76","19.82","19.90","20.14","19.29","18.06","19.13","17.24","20.15","19.51","19.70","19.16","16.61","18.39","19.94","18.73","19.84","18.06","19.26","18.45","18.35"
"n90","33","secondary","permanent","male","32.81","34.71","33.17","33.22","34.59","32.71","33.52","32.28","33.85","31.65","32.94","34.13","34.34","32.91","30.61","34.65","32.38","33.72","31.30","32.55","34.63","33.34","33.34","33.90","31.64","33.03","33.47","34.13","32.19","33.23","33.67","36.72","34.59","30.63","33.02","33.19","33.82","32.30","34.00","32.31","32.90","33.60","32.39","33.08","34.58","32.54","31.84","33.72","32.22","32.73","33.51","33.46","34.18","32.32","32.68","32.34","32.84","34.99","32.94","32.97","33.51","31.78","33.95","32.94","32.30","33.37","32.82"
"n91","27","higher","permanent","male","26.85","26.89","28.55","26.45","27.95","27.16","26.72","26.36","26.63","26.72","28.09","26.22","28.64","26.83","26.35","26.29","27.19","28.75","26.78","26.90","27.21","27.06","26.26","27.99","25.77","26.02","26.58","26.72","28.05","26.38","26.82","26.67","28.60","28.45","25.94","27.44","25.70","26.17","26.42","26.15","27.23","26.69","27.31","28.23","28.17","24.93","26.75","27.48","28.16","26.43","27.13","28.63","27.20","28.88","24.78","29.03","24.63","28.13","28.06","26.62","26.67","27.36","27.17","27.24","28.31","27.23","24.94"
"n92","43","higher","permanent","male","43.42","42.68","43.84","42.13","42.75","41.46","41.52","41.26","43.02","40.26","44.25","42.35","43.01","44.20","43.30","43.42","42.36","41.71","43.64","42.80","43.00","42.18","42.44","40.71","41.35","41.43","42.82","41.93","43.39","43.04","42.50","41.39","42.33","43.89","43.48","42.69","40.76","42.51","40.08","44.77","43.03","44.26","42.83","45.08","42.10","43.84","42.99","43.73","41.67","45.24","43.30","42.50","41.81","41.47","41.18","41.28","43.04","44.12","43.35","41.07","43.09","44.50","44.01","44.84","43.42","39.71","43.64"
"n93","22","higher","permanent","male","22.21","20.28","21.87","21.33","21.56","22.47","21.41","21.35","20.54","22.17","22.55","22.57","23.19","19.63","22.03","20.67","22.61","22.08","20.93","21.62","23.40","21.46","20.28","23.09","23.17","21.39","23.65","21.83","20.73","21.69","22.25","22.56","22.39","23.24","22.23","22.52","23.03","21.83","21.21","21.72","20.67","22.05","22.50","20.95","21.13","20.89","21.96","23.42","21.37","21.37","21.97","21.02","23.01","21.70","23.13","22.64","22.79","20.52","20.32","22.06","21.64","21.66","21.90","23.60","21.54","21.38","23.63"
"n94","38","illiteracy","permanent","male","38.22","38.24","36.70","38.75","39.17","38.71","36.85","39.45","37.70","39.84","38.46","38.42","40.01","39.21","38.46","37.21","38.90","38.77","37.49","37.78","37.72","36.36","38.68","36.51","38.35","36.45","38.96","38.82","39.87","36.81","38.95","37.78","38.22","37.59","38.42","36.89","37.10","38.82","35.11","37.73","37.56","38.75","38.43","36.65","39.48","39.06","39.44","37.03","39.90","39.21","39.16","36.79","37.93","38.19","36.63","37.80","38.78","38.31","38.24","39.45","37.25","38.79","39.07","36.69","36.01","38.96","37.75"
"n95","17","illiteracy","permanent","male","19.40","17.32","16.97","15.27","16.19","15.62","19.85","15.72","17.62","18.34","16.68","17.14","15.92","16.99","16.64","16.25","17.60","16.17","15.45","17.82","17.20","15.38","16.30","17.85","16.00","17.77","16.67","15.58","17.47","14.51","16.35","16.91","17.25","17.26","17.11","18.38","18.71","18.83","15.69","16.19","15.74","16.58","17.31","17.19","16.77","16.84","16.58","16.14","16.27","16.17","16.49","15.61","18.23","18.95","15.69","18.26","17.11","17.03","17.06","17.46","17.10","16.14","17.14","17.87","16.76","15.78","15.35"
"n96","22","illiteracy","permanent","male","22.62","21.94","21.41","22.23","21.30","21.92","22.29","19.96","21.02","20.68","20.76","23.55","23.18","22.76","21.63","23.18","20.78","20.00","18.97","22.23","22.04","21.21","22.49","22.04","21.70","23.27","23.44","23.04","22.60","21.00","21.75","21.96","22.15","23.12","20.58","20.64","21.94","20.53","23.12","21.83","19.31","21.76","22.21","21.23","20.73","22.01","23.22","21.52","23.11","23.40","20.74","22.87","21.89","22.25","23.76","22.98","21.52","20.50","22.36","22.53","23.21","23.43","22.22","22.17","22.44","23.08","22.17"
"n97","25","illiteracy","permanent","male","24.61","23.95","25.01","24.98","25.00","24.61","24.41","25.93","24.86","26.56","24.22","23.16","24.84","25.91","24.85","23.42","24.42","24.96","26.30","26.12","25.81","25.47","24.19","25.81","26.22","25.74","26.18","25.30","26.02","26.40","24.03","26.52","25.76","25.71","25.07","24.04","23.75","25.30","24.86","26.07","24.98","24.63","26.51","24.73","24.33","25.67","26.50","24.02","24.73","24.65","25.03","25.33","25.73","26.05","24.27","24.99","25.79","24.41","25.46","26.74","23.66","25.72","24.93","24.00","25.26","24.95","23.98"
"n98","50","illiteracy","permanent","male","50.02","50.58","49.80","51.80","51.56","49.25","51.38","51.26","49.35","51.57","51.67","50.63","50.89","48.99","51.86","49.41","49.64","50.51","50.10","51.68","49.27","49.46","50.26","50.56","52.93","48.70","51.12","50.89","51.10","48.73","50.36","49.50","48.25","49.10","48.96","51.64","49.29","50.90","50.61","49.21","50.54","50.56","48.85","50.73","49.99","49.76","49.11","49.83","48.92","49.98","49.87","49.75","51.11","49.38","49.87","50.86","51.32","49.90","50.07","51.10","50.32","50.33","49.74","50.10","50.01","50.58","49.85"
"n99","24","illiteracy","permanent","male","23.69","23.93","23.54","25.55","22.94","25.21","23.99","21.98","23.46","25.16","22.71","24.13","22.77","24.08","25.02","23.79","24.96","24.73","25.21","25.33","25.00","24.39","24.06","24.14","24.36","23.10","23.41","23.50","23.48","23.72","23.94","23.21","21.77","26.02","23.18","25.02","23.38","24.50","23.86","24.60","22.15","24.24","23.85","25.39","23.67","23.61","22.16","24.16","24.62","23.77","23.42","24.36","22.80","24.31","25.01","23.84","23.61","23.65","24.49","22.73","23.16","22.51","23.73","23.96","24.09","23.83","22.17"
"n100","25","illiteracy","permanent","male","23.72","24.70","25.28","25.19","23.95","26.02","25.05","24.65","25.27","25.85","25.60","24.60","23.82","25.86","23.95","24.31","26.15","24.47","24.74","25.47","26.34","24.02","25.74","24.97","26.42","25.96","24.95","24.25","23.70","23.99","24.56","23.79","24.86","24.46","26.98","26.10","25.51","24.44","27.02","24.72","24.96","23.07","26.09","24.95","23.98","24.99","26.08","25.08","25.30","26.06","24.08","24.75","25.69","23.60","26.20","23.92","25.27","25.18","24.41","25.22","24.81","25.89","23.65","26.30","24.75","24.26","23.94"
"n101","40","illiteracy","permanent","male","41.08","38.46","40.14","39.40","39.23","39.84","40.06","39.63","39.25","40.73","40.66","41.65","39.01","38.99","39.18","38.85","41.98","37.49","38.59","39.24","39.76","39.85","41.01","41.28","38.96","40.23","38.31","40.89","39.13","40.44","39.01","40.02","39.99","38.93","40.38","43.28","40.02","39.58","39.48","39.64","40.17","39.13","41.52","40.60","40.92","41.38","38.91","39.06","40.33","39.52","40.51","39.93","40.71","38.39","40.70","38.15","39.98","40.47","39.21","41.50","40.22","38.39","41.56","40.31","39.72","40.72","38.75"
"n102","16","primary","temporary","male","16.00","16.28","13.08","15.59","15.31","16.36","17.11","16.15","15.20","15.92","14.99","14.99","13.50","15.74","16.59","16.27","14.95","15.53","17.13","16.74","16.54","15.68","15.95","14.89","16.04","16.40","16.05","16.21","13.60","16.29","15.67","14.74","15.70","16.19","15.04","16.02","14.82","14.92","17.81","16.77","14.42","15.76","16.13","15.69","17.10","18.26","15.42","16.84","17.12","16.41","16.47","17.23","16.12","14.02","16.45","14.71","15.39","15.76","13.88","15.82","16.89","15.38","14.51","15.70","15.43","16.31","15.38"
"n103","26","primary","temporary","male","25.30","26.36","26.50","27.15","27.07","25.34","26.91","24.68","26.16","24.01","26.40","24.93","25.93","26.27","24.50","26.90","27.10","26.28","24.76","24.52","24.50","25.55","25.89","26.35","26.80","25.48","27.10","25.63","24.50","26.71","26.56","26.12","26.49","27.43","25.67","27.01","25.45","27.38","25.83","25.77","26.62","26.61","27.44","26.47","27.01","26.68","25.52","27.27","25.03","27.02","25.10","26.98","25.89","26.04","27.93","25.24","27.05","25.32","26.02","25.88","27.94","27.27","26.08","26.13","26.08","24.62","24.32"
"n104","23","secondary","temporary","male","22.81","22.79","22.27","22.11","22.95","24.78","22.65","24.13","22.75","23.31","25.17","23.29","22.35","21.29","22.49","24.00","22.53","23.82","22.76","21.60","21.10","21.99","23.01","22.50","22.21","23.09","21.91","23.97","22.40","22.83","22.10","23.55","23.37","22.56","21.03","23.16","23.43","23.49","24.05","22.18","22.26","21.72","23.86","22.54","22.20","22.95","22.81","22.36","24.97","22.26","24.14","23.60","24.82","23.11","23.01","22.38","21.80","22.70","22.41","22.48","23.37","22.55","19.59","22.79","23.19","22.93","23.20"
"n105","46","illiteracy","temporary","male","45.55","46.95","45.66","45.54","46.92","47.19","45.58","45.87","45.29","46.13","47.74","46.88","46.65","46.47","45.79","44.33","46.75","46.14","45.48","47.31","46.85","47.21","46.75","45.24","45.75","44.09","45.80","44.22","46.11","46.15","45.38","45.98","44.38","46.38","47.90","46.60","47.73","45.85","45.73","47.15","46.51","46.80","45.86","45.95","46.25","46.04","46.79","45.63","45.08","47.48","45.26","46.29","44.14","45.36","48.42","46.09","46.82","46.54","44.58","46.86","44.98","46.71","44.79","45.97","46.53","45.67","45.86"
"n106","37","illiteracy","temporary","male","37.57","37.72","38.52","39.82","36.89","38.33","37.69","37.07","36.95","36.00","37.99","38.04","36.50","35.80","37.03","38.12","38.74","36.44","36.88","38.71","36.60","35.99","37.35","39.38","36.25","36.53","36.90","37.06","36.61","37.48","36.34","36.87","37.68","37.13","37.69","35.61","36.17","36.85","35.43","37.19","37.92","36.87","35.36","36.75","35.70","36.73","35.60","34.96","37.85","37.26","35.84","35.59","35.77","36.46","38.20","37.38","36.04","37.98","35.61","38.68","36.75","38.43","35.98","36.97","36.49","37.34","36.03"
"n107","41","illiteracy","temporary","male","39.78","40.05","42.77","41.24","42.03","40.24","40.89","40.91","40.72","40.86","41.30","40.21","41.77","42.80","40.94","41.52","41.21","40.96","41.45","40.94","40.13","40.91","42.22","41.57","41.40","40.89","41.55","38.97","40.93","39.50","40.59","39.60","42.27","40.31","40.51","42.24","41.81","40.66","38.98","41.84","40.63","40.29","40.46","39.88","39.58","39.99","42.08","39.95","40.68","41.52","41.45","39.05","42.46","41.18","42.00","40.06","40.55","40.73","41.65","39.78","40.52","41.63","42.09","40.09","42.41","40.87","40.81"
"n108","28","illiteracy","temporary","male","28.67","28.88","27.24","28.86","27.05","28.84","27.47","27.21","29.06","28.47","26.78","28.87","27.73","28.57","28.46","27.03","27.89","27.98","27.57","26.01","27.49","28.49","28.97","29.15","28.71","27.80","27.65","27.42","28.94","27.40","28.20","28.93","28.36","28.19","27.58","26.83","27.72","27.14","28.14","28.03","27.66","28.58","29.45","28.06","28.54","26.97","27.90","28.03","28.46","28.38","28.17","28.39","27.11","28.19","26.37","28.91","28.68","27.95","29.69","27.45","29.27","28.70","30.19","29.27","28.76","28.58","28.53"
"n109","13","illiteracy","temporary","male","13.86","13.76","14.20","12.86","14.77","12.97","11.69","14.28","11.58","13.04","12.15","14.31","13.67","12.32","14.07","13.22","13.70","13.91","12.49","13.27","10.47","12.65","13.85","14.02","13.59","13.25","13.75","12.07","12.33","12.09","13.35","13.06","13.39","13.39","14.16","14.74","11.69","13.43","12.39","14.41","13.70","14.19","11.76","13.08","14.61","12.13","12.00","12.86","12.33","13.83","12.58","12.79","11.65","13.35","13.67","11.72","14.45","12.07","13.46","13.17","12.13","12.45","13.95","12.93","12.84","13.93","13.38"
"n110","18","illiteracy","temporary","male","17.76","18.19","16.67","18.26","20.19","17.78","17.44","19.37","18.83","19.42","18.59","18.41","18.69","17.14","18.27","18.44","19.87","18.86","19.64","18.06","17.16","17.19","16.71","16.20","17.62","17.52","19.42","16.37","18.16","17.57","18.66","18.77","17.16","17.83","17.78","16.95","18.12","17.64","17.35","16.98","18.06","18.08","17.36","19.60","16.84","17.81","17.27","18.86","19.12","15.54","17.42","16.10","19.84","18.14","18.44","18.02","16.44","16.42","18.88","18.36","17.27","16.57","18.69","17.09","17.70","18.79","17.12"
"n111","11","illiteracy","temporary","male"," 9.68","12.93","10.48","12.79","10.53","11.43","11.52"," 9.82","10.26","12.87","10.98","12.06"," 9.36","11.93","10.70","10.82","10.46","10.93","11.19"," 9.27","10.20","11.45","10.88","11.10","10.70","12.22","11.00","10.92","11.69","13.30","11.54","12.16","10.17","11.07","10.51","11.89","11.14","11.64","13.68","10.34","11.55"," 9.97","10.27","12.11","10.92","11.35","10.28","10.87","10.01","11.59","10.08","10.68","10.57","11.16","10.60"," 9.70","11.28","11.76","12.67"," 9.55","12.43"," 9.98","10.81"," 9.79","12.53","11.14","10.96"
"n112","45","illiteracy","temporary","male","45.44","47.86","44.34","45.45","45.10","45.17","46.12","45.20","44.92","45.32","44.29","46.88","46.86","44.20","43.11","46.95","45.49","43.59","44.19","43.97","45.13","44.72","46.37","46.86","45.91","44.98","46.12","44.25","44.35","45.02","44.81","44.22","45.37","44.38","46.13","44.65","44.64","44.94","46.36","45.61","45.36","46.03","43.92","46.15","45.01","43.56","44.41","44.63","46.52","43.00","44.65","44.04","45.27","45.02","46.06","45.99","45.71","46.80","43.92","44.51","45.96","44.42","43.75","45.35","45.81","44.48","42.31"
"n113","14","illiteracy","temporary","male","12.90","12.74","13.36","13.61","14.99","12.58","13.39","13.26","15.43","12.51","12.45","15.04","14.03","13.42","13.28","11.42","14.27","13.86","15.10","13.52","15.01","14.25","14.74","12.20","14.99","14.78","15.31","13.94","12.92","13.86","14.75","14.88","15.33","13.93","15.58","13.21","11.32","14.23","13.96","12.70","14.14","12.76","13.16","15.40","10.94","14.32","13.54","13.38","14.13","13.52","13.47","12.61","15.60","14.91","12.73","13.69","14.66","13.44","14.04","14.12","15.63","13.22","14.77","13.41","13.72","13.95","14.31"
"n114","26","illiteracy","temporary","male","26.11","25.52","25.99","26.25","26.42","24.66","25.78","27.80","25.43","26.05","27.00","24.78","24.68","27.17","26.63","24.90","27.48","27.01","27.75","24.79","27.04","26.10","24.09","25.15","26.74","26.77","24.53","26.01","24.14","26.89","26.49","27.75","25.74","26.50","25.31","25.02","26.98","26.92","26.33","26.46","26.32","26.41","26.19","24.68","24.00","24.68","27.25","24.88","26.60","26.80","26.18","26.32","26.65","27.58","26.00","25.69","25.38","26.94","26.10","27.09","24.65","25.54","25.75","26.51","26.65","25.78","26.23"
